10008,1200387,225400,672816
10038,1176346,190158,782988
10039,1665035,109301,1216685
10046,337248,17010,265336
10047,213933,7317,167829
10048,651943,8629,512941
10055,3169778,304188,2042100
10064,125237,3622,102145
1007,857160,298457,316656
10080,2863699,42778,2271887
10083,1105478,90715,785133
10091,64881,1784,50729
10126,24729,9137,19022
10127,944949,208965,531867
10131,1205621,16868,939343
10134,2060751,63546,1559505
1013,149334,118394,115725
10145,84621,6242,66691
1015,59537,927,49008
10162,1587674,22390,1257344
10168,462714,12842,376461
10174,134316,11895,106035
10185,347534,115548,144595
10208,56815,2619,44601
1021,2482012,255380,1539967
10239,566515,134824,283753
10247,426128,121200,223218
10269,749390,158838,414791
10271,1054318,190641,619886
10285,7602470,180541,6041924
10308,612522,9058,478861
10312,1375926,153021,932084
10341,6939,2270,5462
10347,42044,3577,33110
10354,2739933,37204,2224356
10387B,1260640,314270,723158
10405,2202544,29574,1718316
10437,466829,7085,364644
10450,150380,3403,117217
10498,1159058,103014,827706
10509,1454439,20676,1139178
10522,325756,34603,263781
10527,1462825,19926,1152184
10533,1730525,79584,1294428
10548,1778379,220966,1159419
10559,1416365,213147,896384
10565,3759548,51331,2968312
10567,178432,14524,140896
10575,12145999,328407,9807003
1057,100750,3426,79208
10593,354699,14143,276910
10617,2194491,30928,1715162
10623,5880943,98762,4742318
10634,2067592,27903,1601100
10732,289141,3876,240285
10749,381289,12625,299613
10753B,3026923,39217,2404088
10765,3610018,200561,2762541
10793,30052,85733,23552
10816,803753,10234,660091
10819,1618267,135571,1152049
10870,1827336,37228,1549668
10879,709552,11847,550938
10893,124060,3679,102131
10895,3558549,293602,2456466
10898,117053,3053,89668
10912,1480819,21430,1145958
10930,493034,86562,271383
10933,589131,8651,460991
10935,957932,20381,760187
10952,2283193,156976,1646030
1095,1578384,22353,1239858
10964,1225198,175853,795221
1096,739016,101222,462534
10988,122573,4574,96011
11006,409250,6035,340646
11016,717264,10125,556968
1105,904236,193818,469429
11077,475633,5889,389187
11127,448686,102265,246148
11130,51827,5430,40554
11140,286917,86163,141911
1114,429199,5598,351746
11213,85829,8164,67871
1121,3692682,82750,2944782
11263,1507933,68170,1147624
11301,2564950,35581,2014427
11313,1230952,101934,889023
11374,1198793,140702,811012
11376,1574843,394839,721090
11395,2577491,58218,2076515
11412,2198759,31079,1706522
11417,1190335,275401,602568
11419,853369,185650,604375
11426,1242717,18334,990314
11479,1932090,36090,1397698
1149,3979907,445546,2474125
11551B,1142293,433697,405699
11609,4191342,379876,2669433
11637,1757397,40179,1405303
11678,642720,143032,348851
11772,8657,2976,6661
11799,2483472,58367,2008620
11807,5575955,121772,4504340
11811,1366082,17889,1089110
11931,601618,9277,501290
1200,586122,7612,470593
12012B,1536474,156909,958942
12023,710664,13431,577350
12027,5515324,4419077,33373
12036,1126685,16450,881618
12054,36398,10302,28447
12055B,1118338,179095,665674
12055,1168808,35742,913491
12076,994044,136073,635298
12117B,4704680,231104,3566459
12118,1518003,137931,1186640
12122,1757775,41961,1369957
12127,3683187,83621,2974377
12141,545072,264114,140465
12144,819956,87500,566702
12145,4831801,64747,3761745
12161,1589564,112575,1161293
12170,1492556,19415,1159765
12181,162454,5667,126150
12188,347467,79090,185118
12202,4138,2812,3070
12224,1682043,205352,1138436
12258,980552,341521,335282
1230,1906067,55107,1510747
12321,1422747,20123,1095357
12345,4368162,437090,2772549
12355,816390,184168,435096
12360B,162345,90390,16033
12378,1586706,142817,1114405
12380,1577483,217888,935896
12388,1601852,23771,1248056
12396,1561198,25707,1214531
12403,105813,16089,71900
12407,729047,17399,576760
1240,1579360,21481,1245805
12424,458774,13788,362469
12425,133992,44905,53953
12441B,2589147,66499,2062391
1244,2810638,37146,2191030
12461,93674,25430,73416
12475,1307927,17558,1019962
12505,2060340,142774,1521515
12534,2480725,33582,1922309
12538,1987018,29852,1558266
12572,191547,5976,160728
12610,337595,13184,257301
12637,127736,4894,96325
12650,52737,1977,41996
12654B,395524,162415,134887
12662,2733699,36039,2175977
12695,2463232,38652,1927600
12757,10438122,150098,8203137
12767,198175,8258,157387
12780,419872,151399,137117
12784,1708052,26712,1338372
12798,30789,2472,25050
12818,1153312,167613,682580
12823,1397043,455675,479723
12829,1377624,19223,1074646
12831,872029,183585,478613
12835,4546307,63365,3519459
12844,921082,103644,649062
12846,1885638,33471,1476356
12851,4428,65869,2558
12856,1840480,27792,1420490
12887B,271784,158290,15723
12888,893857,13253,697471
12898,439178,174663,139467
12924,650622,7124,554278
13015,2462379,34002,1953242
13054,378451,10796,304121
13055,1217746,79961,971141
13058,387437,117925,157273
13062,1009283,13300,798600
13082,2205679,30465,1766836
13110,1131234,14780,896114
13140,1609905,21299,1305844
13175,964306,104829,667012
13180,3111938,76639,2484914
13181,6582059,700956,4181170
13209,631733,153858,327866
13216,3352800,83057,2645172
13220,2042472,28503,1608184
13222,4721081,399906,3115696
13250,1175609,153451,720722
13270,1372198,83973,1039275
13302,558447,163473,232942
13338,1184419,17821,928054
13352,944080,24682,765632
13372,68212,3287,52544
1337,4362455,108810,3481972
13418,1513924,113632,1098203
13522,206843,131407,4647
13565,293898,17934,232778
13617,33332,3416,25137
13630,7589,2312,6017
13659,1287425,298392,624078
1366,830871,177550,451364
13753,409394,121463,196191
13810,2490622,51521,1924548
13835,84286,4891,66155
13850B,995484,85579,730394
13867,412787,30473934,27991
13894,878697,13298,690240
13898B,1838,69450,564
13898C,343609,236131,53347
13939,12395,3685,9336
13948,2628377,36258,2047722
14064,2338156,32375,1817302
14076,31960,5418,24526
14116,61347,4028,48953
14262,2180577,56107,1728043
14270,1281526,102710,934917
14322,816873,300377,256575
14397,3764455,49733,2931963
1450,3492921,148082,2717409
14516,1179953,234556,653364
14531,5669043,132825,4514890
14552,3609568,299535,2365273
14594,1065085,140471,720335
14645,72626,6094,57066
14650,1402214,1681613,1089195
14681,651375,117628,393623
14761,11933,1913,9466
14795,1540452,194439,1014293
14798,137625,118305,104611
14813,1274195,126965,887689
14834,1454799,37229,1123093
14853,2399140,67762,1884169
14855,2923857,72492,2315524
14952,167000,7522,130421
14959,2197060,105878,1668640
14967,133517,5669,107347
1496,406204,5417,320783
15001,2943097,40261,2334707
15037B,4137,6135,2749
15037,673,83954,489
15052,2729991,39019,2153874
1506,18360,129094,13546
15143,234111,10093,185850
15170,2721,13754,1551
15176,1839829,1662780,1117638
15177,138546,5867,108504
15194,214120,7678,165447
15238B,936176,352134,365245
15238,1873033,25739,1481429
15275,363463,10288,292047
1528,2579045,39415,1963977
15310,1045852,120548,696147
15340,2300906,133460,1668820
15395,389413,10806,319355
15406C,1598089,122274,1173582
15464,441317,226150,139163
15484,200927,6800,158359
15531,400851,10797,324960
15590,92807,4278,73614
15596,2458962,226154,1723465
15618,2940819,162122,2177324
15629,259809,84542,121630
1562,3934659,52357,3060803
15693,1381596,104966,995934
15697,3116648,291521,2047103
15726,403202,184374,109321
15765,17200,5938,13130
15810,1665518,111092,1229711
15840,2412345,164237,1756208
15864,6184,2094,4636
15871,4757086,115367,3730780
15928,660728,265346,189433
1592,2392669,413506,1468086
15933,1824081,350388,1066381
15997,1699280,210208,1063888
1604,1367675,18952,1056822
16085,1955236,203129,1341253
16097,1034177,109490,719976
16125,863642,151279,472247
16131,861925,104380,502874
16134,848625,120687,549274
16136,53513,6433,40498
16162,71998,17983,56305
16201,1722940,277142,991806
16231,1631444,19585,1359950
16296,1690379,216021,1048830
1629,551272,6364,474624
16323,1745938,155703,1234168
16329,802719,119386,515679
16352,3024902,175769,2298916
16356B,3451071,431437,2197338
16418,2913814,332661,1845697
16481,1555676,222536,1211999
16490,1412849,106422,1035983
16535,6307,7500,4571
16590,5429,1681,3949
16623,323138,140286,260972
16631,2079606,47638,1706404
16657,9229,1559,7371
16685,2074687,289353,1332741
16696B,475450,5904,399878
16735B,1155035,306340,520024
16736,1647153,364849,881319
16764,960186,140967,620009
16777,2918778,407227,1871891
16792,1558823,148835,1045788
16818,3475032,48540,2726672
16837,1788306,25352,1418028
1685,1770026,204278,1086921
16898,1370204,211345,886924
16933,463176,143706,201289
16949,3523120,49952,2709595
1695,2335251,55844,1862501
16977,3668633,320449,2536899
16978,224041,10366,178428
1702,1328565,249582,906699
17126,2523800,506889,1767920
17179,917287,26088,706411
17184,1934208,111710,1435407
17191,1818505,319699,1009435
17232,1271319,147341,798176
17270,1476800,195767,940208
17295,2791047,416671,1674621
17370,305104,9896,234584
17387,786468,230959,371342
17398,2937229,163205,2199775
17431,2509463,130653,1912455
17480,1211517,16070,967153
17516B,1618741,350885,786409
17516,1047216,30864,833313
17633,150874,1972,123230
17649,3767263,326129,2715084
17658B,375794,11118,298504
17681B,1850180,310136,1046205
17694,1856346,107688,1394489
1770,132857,2039,105660
17767B,2214583,233742,1545994
17796,403212,86531,233712
17860,2200235,31032,1714555
17899,32110,1750,27534
1791,5691062,482578,3710174
17955,1733410,137003,1264064
17978,1429120,227927,898153
17980,19739,1327,16045
18000,450169,6092,360414
18027,1911945,47879,1492267
18051,2790,1242,2167
18052,278719,25185,221670
18061,51032,11240,40804
18083,146224,7129,117786
18087,3213693,47018,2501623
180,683434,26202,572039
1812,1121002,184440,648566
18150,2044751,28954,1642284
18192,910835,112534,604112
18205,1965474,159516,1427672
18227,79289,3182,63526
1822,3648728,173134,2757175
18247,1266324,145591,866166
1824,1491222,22230,1144367
18263,2371729,32616,1856257
18304,562837,223110,160359
18329,9015,6350,7725
18343,17310,1605,14093
18377,1436892,21210,1118786
18396,1058639,14435,826326
18410,821958,253422,318040
18436,29267,22601,23066
18447,400510,162663,124207
1846,3421706,48289,2664907
18475B,575388,23080,457831
18479,247980,135035,35634
1847,2696751,263816,1851714
18494,2880030,38388,2263522
18536,446552,131978,192075
18570E,339244,11153,268481
18603,2186978,383882,1182878
18604,2117507,28993,1651206
18618,58692,3457,43663
18651,258347,90031,102561
18661,190749,16055,151052
18708,99261,8406,69462
18746,122148,8195,96883
18747,361164,201072,34427
18757,720240,136119,422923
18771,494110,14186,386907
18785,1132819,29770,909323
18804,475924,40908,374484
18828,1183668,34687,919482
18850,4517,1979,3313
18864B,4910784,380112,3236630
18865,989976,101043,705501
18867,1426698,43376,1098254
18870,3933159,283874,2755205
18871,1288204,35300,1001778
18924,1047938,112333,718535
18926,2061131,277716,1242741
18955,2095650,150393,1523728
18984,1706114,21915,1361386
18988,44350,11641,35566
18992,1116252,380322,418527
1932,2067873,297137,1235478
1934,1334044,52586,1023307
1951,2857550,200709,2128326
19593,1440479,209915,946102
19594,1371041,19299,1052239
1959,1006065,141407,666683
19606,506243,138858,215352
1960,1811034,164873,1270530
19628,6771,2887,5407
1964,1499169,255311,871816
19674,563430,152800,262212
19689,66779,4436,52934
19713,19526,5007,14449
19719,1501807,51903,1168903
19724,792076,22023,619283
19789,745210,10425,582918
1979,2318817,33420,1800749
1980,442286,21528,340496
19844,165545,91191,27288
1984,344748,10851,274575
19869,722172,202052,389860
19897,257056,142856,31062
1989,1444733,146850,974594
19908B,309703,9205,247732
1992,933719,24155,746316
19986B,1196346,336542,536292
20006,30891,4571,24812
20041,1943929,63077,1512058
20087,1004652,218274,527917
2012,238520,11486,181819
20161B,1993219,273814,1184855
20161,1015403,71329,716030
2018,4468622,285332,3249796
20190,12141,703,9030
20211,2473976,117588,1872085
20215,3999240,54004,3184373
20277,720513,115036,445529
2027,278246,21566,216391
2028,1340252,87048,1002271
20350,1191014,200981,701770
2048,1686991,174615,1152539
20500,1097975,92388,776105
2058,3228027,99349,2530414
2059,1537518,179372,1052283
2061,507140,26118,402969
2062,2459400,106258,1895035
2063B,346961,11987,276835
2064,922163,85630,645922
20675,623285,140768,311854
20723,240314,7542,190985
2076,2180642,84028,1694978
20807,16470,52692,8388
20932,2622802,279529,1579713
2097,179872,8257,144404
2109,1874413,144722,1363073
2110,896160,165812,518374
2142,2298514,177084,1668814
2180,226734,8886,184910
2181,1878568,111448,1418445
2193,1129564,52390,866377
2198,2749,269,2008
2199,1176038,72194,893282
2206,3714690,101276,2901440
2216,983327,81765,730753
2234,4299865,190015,3267157
2246,286114,5143,233448
2272,2144258,28921,1680680
227,2658214,151960,1931413
2280,6683690,92926,5218015
2288,3540279,47187,2819306
2290,129429,9819,99758
2293,133952,5197,107318
2304,14534,8730,11643
2328,1447947,403068,619248
2359,1363055,121829,971775
2372,139381,44690,110488
2380,430742,9183,362928
2389,559997,18633,441729
2390,2674999,39376,2081513
2395,1066757,14423,842757
2402,821584,84420,558934
2417C,186567,17703,142924
2428,67809,4905,55043
2430,75326,4484,60230
2449,75077,3868,61068
2472,348235,10915,274727
2474,759184,20321,610373
248,864567,97257,582595
2509,4628652,243512,3536578
2596B,698641,159965,364910
2599,592764,16180,473847
2609,2781179,83409,2186776
2638,3751648,53709,2879653
2644,24793,2835,19917
2654,3097614,386749,1976496
2666,725040,30769,578117
2690,8222265,107261,6576252
2692,3475309,166497,2682450
2732,180068,128751,15052
2734,888483,11349,712921
2739,1738277,24710,1358824
2749,112992,5734,92056
2765,1968387,379529,1337405
2766,1867156,25707,1448546
2768,1444472,114118,1058411
2820,79257,3418,62358
2859,2028171,113975,1502642
2875,1116729,136016,740309
2888,2425833,125597,1818740
2896,99602,5147,78578
2901,1485865,124390,1047009
2923,2712827,171351,2004480
294,1112748,133418,759281
2958,7051,3508,5190
2978,19596,5983,14920
301,1114647,147944,714875
3068,699543,18528,565351
3131,1315431,73937,984970
3149,2748519,234227,1935954
3193,1456399,227582,894003
3213,2336548,30597,1839789
3237,3000284,64451,2355433
3275,3385783,80283,2688631
3288,2542560,164077,1887308
3312,361087,16600,282652
3320,280936,8888,224603
3324,2039935,56831,1621579
3346,1361746,19013,1066273
3375,4489237,64741,3440771
3441,2337879,31738,1837968
3442,1768670,158309,1250311
3519,759949,22418,595182
3520,2354399,92018,1839620
3572B,2568827,35685,1989991
3574,2924471,326770,1909631
3595,1080751,243046,534010
3617,4109647,96599,3290593
3648,3147820,44568,2424873
366,2137657,1256806,3353
3724,3159871,540116,2343388
3726,1493013,123712,1074008
3763,1601325,24185,1253055
3771,494043,194733,159038
3808,4959441,68919,3982841
3813,2144902,29404,1676428
3818B,891600,21767,694904
3923,928829,22457,761597
3926,1542701,21808,1199131
3969,3756893,156985,2898127
3994,3055191,196080,2261270
4016,1966781,104079,1472189
4024,4454369,189249,3378585
4039,2480821,99937,1945386
407,661826,172361,313249
4096,53652,6360,42798
4106,1803142,500588,764256
4160B,148079,4715,117022
4160,2439987,38998,1865073
4172B,147102,5909,116539
4207,34592,10262,27335
4214C,3089349,330507,2129315
4254,1645879,22217,1318379
4265,2626162,193995,1900350
4306,78789,4945,60259
4344,266826,3185,212186
4377,528753,8306,401320
4449,711584,1688000,136972
444,320633,11571,252939
4457,3254536,284717,2355275
4487,273309,7272,223390
4501,23529,2820,18959
4535,2770439,144328,2113722
4544,2541840,34964,1967764
4563,3902747,144262,3034624
4577,2733863,170100,2012250
4653,2749728,38249,2113610
4654,2275061,31446,1781234
4677,87715,5325,68354
4684,3150083,42808,2439215
4711,2847128,85176,2370742
4736,1553996,22081,1200083
4753,960452,352567,324320
4772,36431,4649,28585
4775,2669189,37410,2051073
4813,1889020,25619,1511003
4823,124913,6712,99904
4862,83569,4135,67573
4876B,220873,21401,172886
4881,588895,8163,475430
4911,648520,10580,508945
4913,67934,50754,52843
4914,2744076,37589,2127220
4935,158753,9647,123812
4937,1128333,16813,883541
4957,246559,11527,192692
4969,346327,115869,148549
497,2124181,75861,1708995
5012,2234098,30644,1715138
5019,888550,12100,699503
506B,236865,2725973,27775
506,410244,110768,327659
5089,248912,7987,197210
5103,881738,70525,632880
5158,1517441,89778,1149983
518,560712,359516,72860
5257,8060,6906,6323
5285,436643,15099,348249
5314,14021,1688,11202
5325,3982649,213592,3008893
538,1141937,248181,612884
53,1524637,90791,1137231
5403,361269,12110,287665
5458,745582,238446,336911
545,81234,6784,65304
547,1208529,246565,657358
5511B,3933188,263339,2926357
5525,361699,34143,289985
5536,2677906,272953,1880743
5558,366348,246915,2146
5561,53580,5757,41719
5570B,955307,138131,588243
5589,3204979,155488,2474890
5602B,1294498,151482,842144
5614,2650534,120800,2067580
5615,516893,86525,334020
5617,8356877,115330,6705916
5622,1189026,30647,989500
5627,2741788,234548,1957350
5632,9291,1650,7297
5646,2043801,159737,1506414
5649,1724281,110652,1287766
564,2052044,279378,1302674
5661,2315012,213091,1767076
5672,229343,7449,178072
5673,176967,36339,140121
5686,2124256,128795,1610260
5695,184086,38193,144772
5704,1492832,118881,1090721
5710,1521732,116828,1140773
5717,362553,16662,288453
5718,1604601,22372,1249111
5722,1844388,119105,1406058
5739,2310782,199715,1679572
5740,3747259,130357,2898722
5746,3425852,78102,2712730
5750,3278686,192129,2504148
5755,898635,200405,466815
5761,1316969,110216,953921
5762,747222,158813,425925
5772,2613702,313035,1743153
5784,2376464,151348,1774296
5786,2928472,180661,2225082
5790,996864,149439,627748
5791,729659,104574,479638
5792,1975203,158822,1425151
5800,1571417,152988,1114419
5818,544032,136570,253932
5831,1198257,127790,818176
5832,160434,13683,128100
5839,637188,157753,313645
583,75479,4657,61947
5842,1175050,293381,584753
5883,3516888,88999,2758830
5895,449359,24729,350708
5925B,286053,110097,103523
5928,1011988,64724,770159
5940,785900,10575,629612
5956,2371520,152597,1681580
5957,2642029,207850,1912191
5971B,2203933,285167,1345680
6013,378911,210846,165386
6051,193416,7642,152650
6059,115019,8207,90127
6063,219983,9297,170197
6121,4780903,61820,3800862
6143B,2739352,43354,2143254
6152,2223578,30211,1742692
6172,186731,16205,145670
6188,784536,60443,590387
6196,4719609,204509,3733131
6206,284480,9737,226859
6218,4596027,148252,3592941
6224,577220,152873,260557
6230,153709,5298,121610
6260,2275549,31845,1768297
6272,671434,22145,521615
6332,227536,225291,204277
6336,149948,5344,119387
6339,4374616,64661,3402190
6347,668205,23325,527150
6368,3025051,234067,2208197
6385,967034,169976,577205
6430,835936,264062,359427
6446,1957795,28031,1526272
6457,77217,3827,62996
6485,1344070,49213,960944
648,452056,14243,355605
6523,1345589,19763,1089943
6533,69037,3899,54077
6540,2173051,275768,1407382
6549,2409967,260482,1654753
6562,3930679,338429,2571589
6629,1130248,210333,629847
664,1016475,243953,531920
674,1767472,211877,1150863
6803B,516287,294890,44956
6894,1306362,19663,1036259
6913,198370,8218,158609
6927,881692,134497,548494
6928,66265,5162,51476
6970,89454,3322,70331
699,443032,300418,11968
7071,2517062,34646,1947069
7089,865239,92216,598469
7123,2368599,32159,1870959
7132,1670178,51474,1307753
7162,294648,3470,255339
720,675199,21160,526649
7230,3598426,370306,2716022
7248,2401118,237775,1706697
7250,3455844,47651,2694078
7252B,1239750,173906,737523
7275,1348587,316770,661882
7282,146529,5389,118580
7306,2773300,38312,2170979
7312,2678058,296804,1647336
7315,1963892,188457,1369405
7373,6883,1859,5426
7386,1541939,23126,1200937
7391,118487,1686,107381
7400,637346,245362,176274
7402,3587006,204011,2733871
741,215842,91508,70977
7431,1003897,422595,490455
7446,810486,192025,413731
7451,2953065,27202,2322163
7513,781489,117506,482737
7595,4453804,113621,3562149
759,4574959,117112,3724725
7620B,210156,99812,40740
7739B,369566,214270,28700
7774,1854411,262827,1191057
7783,14529,7380,11059
7808,1539069,23750,1206941
781,1283536,160919,814929
783,1601315,44123,1275134
7857,325705,134759,99850
795,829262,11993,629072
8073,3633065,57507,2835377
810,1414133,257202,851512
8111,277362,8625,228744
8126,4505508,267594,3330871
8136,446356,5874,386069
8137,1371915,28417,1076909
8186,338090,70220,278535
8195,83831,13528,66620
8205,1594933,222662,1012925
8256,777213,22741,627049
82,1720745,139753,1208175
8304,39920,5981,32495
8315,2560036,222955,1823404
8320,354766,4752,284658
8330,1961976,27303,1531428
8333,506630,90832,283775
8384,206077,7779,163625
8398,817257,164248,445817
8413,1699931,389077,830319
8485,3176204,390868,1989810
8494,408166,5170,348211
8525,2492681,124307,1901082
8539,437020,225886,76079
8559,2169843,232672,1489138
8573,1648964,100889,1267858
8599,3858294,199230,2961525
8601,2445792,373148,1389459
8607,3598224,133373,2777981
8613,164797,106748,12763
8621,1418953,125480,1028746
8674,1287319,128785,841860
8678,610357,169563,290058
8694,259559,166382,18075
8704,629602,153719,329686
871,85296,13704,67006
8727,759300,94392,527856
8857B,248924,8378,192897
8857,20483822,495594,16555679
8864,3782057,53566,2887933
8879,431663,110661,237667
8902B,4803967,122032,3776382
8925,735674,18205,602322
8938,2040551,149373,1505345
8947B,90354,4854,69176
9043,154158,67023,120530
9047B,971667,146899,563772
9053,1868259,122228,1381865
9080,10490591,140855,8203540
9102,1591139,69862,1216960
9137,594439,67185,416567
9210,1008595,16061,781551
9225,201807,4503,175387
9249B,186077,6659,147770
9249,1480361,25353,1164925
9250,2464911,32169,1924447
9271,1161964,111769,808113
9291B,3055369,104598,2398227
9300,1661079,23589,1301020
9318,87229,5345,68137
9346,672190,120048,392610
9347,119527,1704,108363
9364,1069431,15749,850701
9380,2026064,27890,1570964
9419,155713,78190,45361
9457,4531281,430533,2917461
9461,1012206,261624,488158
9499,2784015,214781,2019072
9506,1806158,131335,1314939
9541,1636937,182559,1125996
9570,1968409,71434,1543144
9580,6585701,207768,5129507
9600,1779693,95467,1369548
9662,550276,8934,438544
9699,12161708,174603,9498939
9715,4772948,288179,3686214
9719,2246858,152920,1625337
9721,2207460,164396,1648337
9751,1264190,127002,836820
9758,2085125,28950,1634675
9767,1498562,20204,1153924
9777,3000849,90877,2370351
9789,31558,5217,24552
9800,1972590,86125,1529779
9819,689525,8868,547161
9844,5299407,143382,4195597
9849,858511,103670,565304
9883C,184577,5932,143708
9919,5007715,129090,4001908
9938B,1648380,103313,1243771
9951,2081031,26906,1659810
9978,413381,12927,326857
9990000,1368691,14148,1075584
9990039,2348289,24865,1849337
9990041,1908522,19395,1528875
9990045,475489,129354,210351
9990054,1932269,285112,1113045
9990062,2363416,29770,1853911
9990082,1318971,14057,1026600
9990088,342453,168130,59794
9990091,3675612,60937,2918762
9990099,1917655,185159,1214689
9990101,2330035,234559,1433043
9990120,2859039,30813,2258039
9990126,1517670,27115,1173344
9990127,1163257,15336,917424
9990131,289678,154913,23004
9990136,1631520,148042,1055968
9990137,1578391,27134,1254105
9990153,784984,162620,408639
9990159,1352640,155293,836739
9990164,3260054,252105,2126162
9990166,6027460,71772,4805793
9990177,265547,96720,107401
9990179B,684444,451467,1799
9990180,3129267,505735,1910168
9990197,3042571,291033,1952577
9990216,1220885,14566,972049
9990220,1704863,20995,1314771
9990243,963032,10981,759586
9990253,246964,3773,192715
9990255,1004531,133739,594511
9990260,2706206,27301,2140913
9990270,1833454,214674,1081674
9990275,2374037,212755,1538810
9990284,2258893,177756,1763606
9990287,737491,14067,580843
9990294,1491573,34718,1174226
9990295,1876899,19945,1494471
9990300,2043656,210362,1238954
9990309,1235473,13489,973665
9990311,1953143,240943,1253522
9990317,4159448,68363,3248868
9990320,3272236,97588,2586225
9990324,5114163,478159,3265242
9990332,810962,278803,392737
9990347,2495888,203475,1777235
9990348,6071693,88640,4776634
9990351,845210,9291,661385
9990358,2434206,45148,1930982
9990363,765253,183314,383729
9990368,788990,172146,374303
9990376,872224,145732,496551
9990389,1703076,16644,1350430
9990390,1274536,19666,987713
9990394,4842677,46480,3739177
9990407,1856120,36023,1441117
9990412,1466293,15359,1142292
9990417,996854,202264,499599
9990418,2716278,30455,2139169
9990421,1544244,37011,1215330
9990422,1121559,11013,863546
9990424,3398584,33443,2650023
9990425,298137,131244,85446
9990430,1257074,137239,755483
9990431,2151283,26210,1693199
9990481,552938,15951,425298
9990483,1401577,23945,1107542
9990488,2297,450,1787
9990489,4760682,48356,3760355
9990491,2191204,35336,1731341
9990496,1781417,182247,1122600
9990513,1744999,288624,984692
9990517,995858,168090,617175
9990531,1260689,204086,691562
9990547,3976823,570323,2724597
9990549,2726829,30186,2145031
9990559,1393603,139806,867952
9990564,995962,10062,776391
9990567,3687136,40745,2912651
9990571,2973980,29507,2338677
9990581,2460806,295088,1479206
9990585,677225,135288,366559
9990587,406984,95715,194997
9990589,1769154,324416,1005494
9990592,2842864,323467,1728296
9990594,1498092,162734,933563
9990607,4492216,42416,3402050
9990608,322367,4620,253763
9990612,7518428,570496,4932456
9990617,4031511,48921,3090996
9990672,951926,261563,386239
9990674,1822972,18103,1429920
9990678,1574241,21059,1237492
9990679,135767,66416,36724
9990682,419474,165095,118510
9990684,408353,13808,315613
9990694,1029403,11573,806371
9990696,1705011,167755,1063395
9990698,1943586,20890,1524293
9990699,492242,9040,368298
9990700,2107594,166442,1363983
9990716,1555685,16308,1224241
9990723,1820173,18915,1434576
9990727,3478729,37150,2704834
9990735,1553513,16636,1219201
9990739,1756966,20519,1387535
9990743,1050514,201247,547606
9990750,1428650,153942,897765
9990755,417109,226745,42988
9990756,240257,3824,188829
9990759,2764501,45379,2166197
9990762,1253219,32501,984712
9990771,1050367,165487,584743
9990779,937263,19704,716478
9990781,97759,64260,15697
9990789,448092,92395,229826
9990803,5997249,493339,3858747
9990808,2314725,22734,1794682
9990815,357180,63906,215591
9990864,956914,108041,593494
9990865,752731,123793,424287
9990867,484130,69285,285681
9990873,6305847,573832,4038326
9990877,1041367,327094,356764
9990879,6658403,546327,4346209
9990888,1458367,209497,841949
9990890,1174156,15138,924721
9990897,1515169,175324,943279
9990904,933611,12549,731827
9990911,2178785,22388,1743427
9990917,1124153,224512,569084
9990921,4145022,43263,3251730
9990924,207259,92120,56415
9990926,1387984,136333,863276
9990930,426231,67526,246056
9990931,2074136,220463,1276361
9990936,176544,33588,92298
9990944,3210312,48033,2546172
9990946,1900865,39310,1515172
9990949,2289308,22736,1794641
9990971,203558,94876,50713
9990987,6043960,417979,3977671
9990992,2696856,277380,1714058
9991003,656134,6979,513383
9991006,1638675,146814,1058931
9991007,1286756,177996,770133
9991057,1570288,14955,1202229
9991060,950503,125241,572283
9991061,1547463,16970,1205810
9991075,1714276,253942,974163
9991087,3058979,50789,2380355
9991090,3299220,31306,2556017
9991098,1329769,29196,1053880
9991111,2271311,24728,1790465
9991118,2467053,26590,1939851
9991119,227341,87691,87242
9991120,3259164,265887,2073807
9991121,261511,8368,206979
9991126,816066,8504,640316
9991129,856781,95021,531667
9991137,1284930,14215,1022018
9991144,1033024,11219,808448
9991145,768866,20051,595223
9991156,927976,156199,513284
9991161,287771,67684,140507
9991179,896942,206474,422246
9991195,5534518,68446,4307619
9991251,5175859,52502,4030282
9991256,959816,22847,745699
9991262,995882,135048,587191
9991264,1259400,13705,977681
9991267,1757146,20273,1371365
9991269,2217967,22574,1751900
9991278,4492111,338515,2948088
9991280,5889866,152444,4566317
9991282,2135551,231962,1313353
9991283,1513652,172266,942723
9991288,929293,9803,720506
9991295,98724,4707,75952
9991310,1985463,55173,1536077
9991314,1571214,22536,1245155
9991318,1864418,21962,1461632
9991320,1272549,18710,993620
9991321,1619749,152959,1025329
9991324,277703,104050,99861
9991329,2151528,22137,1694842
9991334,1640676,29989,1264160
9991342,3171120,43432,2508496
9991351,1667869,16692,1298895
9991354,2336190,24140,1828050
9991357,620410,115662,331982
9991358,1932472,24130,1508488
9991369,308918,105919,103280
9991373,630612,98679,357115
9991374,3133825,241924,2185649
9991375,4224900,105377,3300895
9991377,3123867,29912,2447499
9991390,1151535,30090,912259
9991448,634436,128307,307351
9991452,3184563,275998,2054801
9991454,2202727,21645,1691989
9991456,2284997,24789,1794234
9991460,1165007,12361,896401
9991465,420434,86381,205690
9991466,1110819,12570,874439
9991467,157900,47716,66175
9991487,1365691,222786,815349
9991492,4320802,427225,3268329
9991495,1165408,13194,918465
9991498,1211221,13571,946770
9991499,891338,9717,705847
9991503,3117318,31333,2452868
9991509,2159153,24060,1682259
9991511,2851032,70022,2252318
9991513,4047464,40514,3168199
9991522,2360358,24020,1881083
9991529,1028135,21420,808267
9991563,1486568,175593,906196
9991566,994187,219103,487292
9991578,388414,162431,193612
9991635,4053166,317056,2627750
9991636,1384821,339806,664953
9991637,538141,7783,418823
9991638,458309,13369,362023
9991639,796011,88806,499716
9991648,3693618,96930,2849940
9991652,109287,49749,32944
9991653,474332,8462,375590
9991655,1363200,13960,1075550
9991656,1552241,33047,1203875
9991657,826747,10129,650178
9991658,2215060,24066,1750745
9991663,1191251,15097,933275
9991666,2366585,89804,1844292
9991668,6050639,410057,4054787
9991673,1236259,26368,936930
9991683,470402,292639,171844
9991684,1762187,17680,1391985
9991687,114011,1712,88548
9991705,1812952,235567,1069952
9991707,3548111,46080,2763576
9991712,2164718,32103,1703922
9991723,2127577,21325,1673453
9991731,792889,8891,625993
9991738,1581621,16415,1243566
9991740,2149934,27445,1660484
9991741,446657,176852,118741
9991748,1457487,15846,1126348
9991752,2162243,38402,1704281
9991757,3521,2423,2540
9991762,1969107,21352,1531195
9991763,1026548,124889,629372
9991767,1073494,128352,657510
9991772,313351,14852,237773
9991825,1585123,16357,1244385
9991831,1843732,25894,1424955
9991838,6060831,2482883,4002098
9991843,1578391,211175,892688
9991844,2341490,22252,1841672
9991848,8233181,212638,6453825
9991868,1415043,14199,1084319
9991877,1954466,22658,1537878
9991881,742123,13739,583431
9991890,702089,10047,551649
9991900,4378240,411707,2789660
9991901,3324526,34898,2582887
9991907,2519478,24461,1962034
9991915,6641443,172264,5207180
9991917,4203506,46866,3317224
9991919,559399,277098,131009
9991929,819522,97319,507181
9991937,2787628,310375,1712207
9991938,1623748,210628,983402
9991941,604970,17939,476837
9991944,784788,776780,596030
9991951,1316552,147210,805484
9991954,1190350,219826,683143
9991959,3120805,33415,2440952
9991962,3360302,43528,2646456
9991966,1085702,126752,658557
9992112,1924410,168741,1226643
9992113,871293,9685,687439
9992114,2034525,21822,1611382
9992116,1755542,17583,1354315
9992118,2657134,74037,2060633
9992120,2500896,25444,1988134
9992123,464861,124802,214719
9992146,6420253,423067,4267676
9992152,4086606,300768,2755449
9992158,2384084,199649,1606522
9992159,3023790,30728,2379019
9992304,1828249,20788,1424541
9992331,1915526,38085,1507662
9992347,1819080,18657,1399357
9992503,146087,2906,111746
9992504,2003422,21271,1561723
9992512,4632835,44959,3640914
9992515,1236972,170215,719658
9992691,1316920,14519,1030726
9992696,774030,113911,440523
9992697,2839579,34991,2238676
9992705,1679725,19192,1317232
9992719,978225,12959,765676
9992721,1903938,54339,1496589
9992731,1001556,130043,602826
9992735,1519159,194342,924374
9992887,852323,9794,667602
9992888,305316,3746,234596
9992889,894846,110350,539599
9992892,289652,122403,106115
9992894,1703886,215660,1011103
9992902,519853,93322,276765
9992915,2389847,66836,1851028
9992917,312275,112195,98932
9992919,1844200,21455,1470465
9992925,3969111,281277,2611486
9993075,1125569,186988,633245
9993078,673552,140478,340140
9993086,579435,104867,319858
9993102,1251031,212018,697224
9993104,2045961,248051,1211372
9993112,2619916,200874,1727555
9993114,2553275,225931,1707823
9993265,3179204,38186,2483813
9993267,2384415,36490,1887124
9993269,2992300,294591,1828342
9993286,1486337,245520,817644
9993290,2059697,25515,1637734
9993307,2176643,22912,1715369
